"","jvfs_1_targetChildProminence","kfav_1_targetChildProminence","lant_2_targetChildProminence","szch_2_targetChildProminence","modal_prominence","clean"
"1",1,1,1,1,1,TRUE
"2",1,1,1,1,1,TRUE
"3",5,5,5,5,5,FALSE
"4",2,2,2,2,2,FALSE
"5",1,1,1,1,1,TRUE
"6",1,1,2,1,1,TRUE
"7",1,1,1,1,1,TRUE
"8",1,1,1,1,1,TRUE
"9",1,1,2,1,1,TRUE
"10",2,2,2,2,2,FALSE
"11",1,1,2,1,1,TRUE
"12",1,1,1,1,1,TRUE
"13",1,1,1,1,1,TRUE
"14",5,5,5,5,5,FALSE
"15",1,1,1,1,1,TRUE
"16",1,1,1,1,1,TRUE
"17",2,1,1,1,1,TRUE
"18",5,5,5,2,5,FALSE
"19",1,1,1,1,1,TRUE
"20",1,1,1,1,1,TRUE
"21",1,1,1,1,1,TRUE
"22",2,2,2,2,2,FALSE
"23",2,1,1,1,1,TRUE
"24",2,3,2,2,2,FALSE
"25",4,2,3,2,2,FALSE
"26",2,3,3,2,2,FALSE
"27",3,2,3,2,2,FALSE
"28",1,1,1,1,1,TRUE
"29",5,5,5,5,5,FALSE
"30",5,5,5,5,5,FALSE
"31",3,3,2,5,3,FALSE
"32",1,1,1,1,1,TRUE
"33",1,1,1,1,1,TRUE
"34",2,2,2,2,2,FALSE
"35",2,2,2,1,2,FALSE
"36",1,1,1,1,1,TRUE
"37",1,1,1,1,1,TRUE
"38",1,1,2,1,1,TRUE
"39",2,2,2,2,2,FALSE
"40",1,1,4,1,1,TRUE
"41",1,1,2,1,1,TRUE
"42",1,1,2,1,1,TRUE
"43",2,3,2,2,2,FALSE
"44",5,5,4,4,4,FALSE
"45",5,5,5,5,5,FALSE
"46",5,5,5,5,5,FALSE
"47",5,5,5,5,5,FALSE
"48",5,5,5,5,5,FALSE
"49",5,5,5,5,5,FALSE
"50",4,5,4,4,4,FALSE
"51",5,5,5,5,5,FALSE
"52",5,5,4,5,5,FALSE
"53",5,5,5,5,5,FALSE
"54",5,5,5,5,5,FALSE
"55",5,5,5,5,5,FALSE
"56",3,3,2,2,2,FALSE
"57",2,2,2,1,2,FALSE
"58",2,3,3,2,2,FALSE
"59",5,3,4,4,4,FALSE
"60",5,3,4,4,4,FALSE
"61",5,3,4,4,4,FALSE
"62",2,2,2,2,2,FALSE
"63",3,2,2,2,2,FALSE
"64",3,2,3,2,2,FALSE
"65",2,2,2,2,2,FALSE
"66",1,1,1,1,1,TRUE
"67",2,2,2,2,2,FALSE
"68",2,1,2,1,1,TRUE
"69",5,5,5,5,5,FALSE
"70",5,5,5,5,5,FALSE
"71",5,5,5,5,5,FALSE
"72",4,3,2,2,2,FALSE
"73",5,4,5,4,4,FALSE
"74",5,5,5,5,5,FALSE
"75",2,2,2,2,2,FALSE
"76",5,5,5,5,5,FALSE
"77",5,5,5,4,5,FALSE
"78",5,5,5,5,5,FALSE
"79",5,5,5,5,5,FALSE
"80",5,5,5,5,5,FALSE
"81",5,5,5,5,5,FALSE
"82",5,5,5,5,5,FALSE
"83",5,5,5,5,5,FALSE
"84",5,5,5,5,5,FALSE
"85",5,5,5,5,5,FALSE
"86",5,5,5,5,5,FALSE
"87",4,3,3,3,3,FALSE
"88",3,3,3,3,3,FALSE
"89",1,2,2,1,1,TRUE
"90",2,2,2,2,2,FALSE
"91",2,2,2,2,2,FALSE
"92",2,3,4,2,2,FALSE
"93",2,2,2,2,2,FALSE
"94",2,2,2,2,2,FALSE
"95",2,1,1,1,1,TRUE
"96",2,3,2,2,2,FALSE
"97",2,1,2,1,1,TRUE
"98",2,2,2,2,2,FALSE
"99",1,1,2,1,1,TRUE
"100",2,1,2,1,1,TRUE
"101",2,1,2,2,2,FALSE
"102",2,2,2,2,2,FALSE
"103",5,5,5,5,5,FALSE
"104",5,5,5,5,5,FALSE
"105",5,5,5,5,5,FALSE
"106",5,5,5,5,5,FALSE
"107",5,5,5,5,5,FALSE
"108",4,4,3,3,3,FALSE
"109",5,5,5,5,5,FALSE
"110",2,2,2,2,2,FALSE
"111",2,2,2,1,2,FALSE
"112",5,2,3,2,2,FALSE
"113",5,5,5,5,5,FALSE
"114",4,2,2,2,2,FALSE
"115",2,2,2,1,2,FALSE
"116",5,5,5,5,5,FALSE
"117",1,1,2,1,1,TRUE
"118",5,5,5,5,5,FALSE
"119",1,1,2,1,1,TRUE
"120",2,2,2,2,2,FALSE
"121",2,2,2,2,2,FALSE
"122",5,5,5,5,5,FALSE
"123",5,5,5,5,5,FALSE
"124",3,3,2,2,2,FALSE
"125",2,2,2,1,2,FALSE
"126",3,3,2,2,2,FALSE
"127",3,3,2,2,2,FALSE
"128",2,2,2,1,2,FALSE
"129",2,1,2,1,1,TRUE
"130",2,3,3,2,2,FALSE
"131",1,1,2,1,1,TRUE
"132",1,1,1,1,1,TRUE
"133",5,5,2,5,5,FALSE
"134",5,5,5,5,5,FALSE
"135",5,5,5,5,5,FALSE
"136",5,5,5,5,5,FALSE
"137",5,5,5,5,5,FALSE
"138",5,4,5,5,5,FALSE
"139",5,5,5,5,5,FALSE
"140",5,5,5,5,5,FALSE
"141",5,5,5,5,5,FALSE
"142",5,5,5,5,5,FALSE
"143",5,5,5,5,5,FALSE
"144",5,5,5,5,5,FALSE
"145",5,5,5,5,5,FALSE
"146",5,5,5,5,5,FALSE
"147",4,3,3,2,3,FALSE
"148",5,5,5,5,5,FALSE
"149",5,5,5,5,5,FALSE
"150",2,2,3,2,2,FALSE
"151",2,2,2,2,2,FALSE
"152",2,2,2,1,2,FALSE
"153",2,1,2,1,1,TRUE
"154",2,2,2,1,2,FALSE
"155",1,1,2,1,1,TRUE
"156",1,1,1,1,1,TRUE
"157",1,1,2,1,1,TRUE
"158",5,5,5,5,5,FALSE
"159",5,5,5,5,5,FALSE
"160",5,5,5,5,5,FALSE
"161",5,5,5,5,5,FALSE
"162",4,3,5,1,1,TRUE
"163",5,5,5,5,5,FALSE
"164",2,2,2,2,2,FALSE
"165",5,3,5,5,5,FALSE
"166",5,5,5,5,5,FALSE
"167",5,5,5,5,5,FALSE
"168",5,5,5,5,5,FALSE
"169",5,5,5,5,5,FALSE
"170",5,5,5,5,5,FALSE
"171",5,5,5,5,5,FALSE
"172",5,5,5,5,5,FALSE
"173",5,5,5,5,5,FALSE
"174",5,5,5,5,5,FALSE
"175",5,5,5,5,5,FALSE
"176",5,5,5,5,5,FALSE
"177",2,2,2,2,2,FALSE
"178",5,5,5,5,5,FALSE
"179",2,3,3,3,3,FALSE
"180",5,5,5,5,5,FALSE
"181",2,2,2,2,2,FALSE
"182",3,4,3,2,3,FALSE
"183",5,5,5,4,5,FALSE
"184",5,5,5,5,5,FALSE
"185",5,5,5,5,5,FALSE
"186",5,5,5,5,5,FALSE
"187",5,5,5,5,5,FALSE
"188",5,5,5,5,5,FALSE
"189",5,5,5,5,5,FALSE
"190",5,5,5,5,5,FALSE
"191",5,5,5,5,5,FALSE
"192",5,5,5,5,5,FALSE
"193",5,5,5,5,5,FALSE
"194",5,5,5,5,5,FALSE
"195",5,5,5,5,5,FALSE
"196",5,5,5,5,5,FALSE
"197",5,5,5,5,5,FALSE
"198",5,5,5,5,5,FALSE
"199",5,5,5,5,5,FALSE
"200",5,5,5,5,5,FALSE
"201",5,5,5,5,5,FALSE
"202",5,5,5,5,5,FALSE
"203",5,5,5,5,5,FALSE
"204",5,5,5,5,5,FALSE
"205",5,5,5,5,5,FALSE
"206",5,5,5,5,5,FALSE
"207",5,5,5,5,5,FALSE
"208",2,2,2,1,2,FALSE
"209",5,5,5,5,5,FALSE
"210",3,3,3,2,3,FALSE
"211",3,3,3,2,3,FALSE
"212",5,5,5,5,5,FALSE
"213",3,4,3,4,3,FALSE
"214",3,3,3,2,3,FALSE
"215",3,3,2,2,2,FALSE
"216",3,3,3,3,3,FALSE
"217",2,2,2,2,2,FALSE
"218",3,3,3,2,3,FALSE
"219",5,4,4,4,4,FALSE
"220",5,5,5,5,5,FALSE
"221",4,4,3,3,3,FALSE
"222",3,3,3,2,3,FALSE
"223",3,3,3,3,3,FALSE
"224",4,3,3,3,3,FALSE
"225",5,4,4,4,4,FALSE
"226",3,3,3,3,3,FALSE
"227",3,3,2,3,3,FALSE
"228",3,4,4,4,4,FALSE
"229",3,4,3,3,3,FALSE
"230",2,3,3,3,3,FALSE
"231",2,2,3,3,2,FALSE
"232",4,3,4,3,3,FALSE
"233",5,5,2,2,2,FALSE
"234",5,5,4,4,4,FALSE
"235",4,3,3,2,3,FALSE
"236",2,2,2,2,2,FALSE
"237",4,4,4,4,4,FALSE
"238",5,4,4,4,4,FALSE
"239",5,5,5,5,5,FALSE
"240",4,4,4,4,4,FALSE
"241",4,5,4,4,4,FALSE
"242",3,3,3,3,3,FALSE
"243",4,4,4,4,4,FALSE
"244",4,3,3,3,3,FALSE
"245",5,3,3,4,3,FALSE
"246",4,4,4,4,4,FALSE
"247",4,4,3,3,3,FALSE
"248",4,3,3,3,3,FALSE
"249",4,3,3,3,3,FALSE
"250",5,5,5,5,5,FALSE
"251",5,4,4,4,4,FALSE
"252",5,4,4,4,4,FALSE
"253",4,3,3,2,3,FALSE
"254",5,5,5,5,5,FALSE
"255",5,5,5,5,5,FALSE
"256",5,5,5,5,5,FALSE
"257",4,5,4,5,4,FALSE
"258",4,4,4,4,4,FALSE
"259",5,4,4,4,4,FALSE
"260",4,4,3,3,3,FALSE
"261",4,4,3,3,3,FALSE
"262",2,3,2,2,2,FALSE
"263",3,5,5,5,5,FALSE
"264",2,3,2,2,2,FALSE
"265",3,4,3,3,3,FALSE
"266",3,2,3,3,3,FALSE
"267",3,3,3,5,3,FALSE
"268",2,2,2,5,2,FALSE
"269",5,5,5,5,5,FALSE
"270",1,1,1,1,1,TRUE
"271",1,1,1,1,1,TRUE
"272",1,1,1,1,1,TRUE
"273",1,1,1,1,1,TRUE
"274",1,1,1,1,1,TRUE
"275",2,2,2,2,2,FALSE
"276",3,1,3,5,3,FALSE
"277",2,5,5,5,5,FALSE
"278",5,5,5,5,5,FALSE
"279",5,5,5,5,5,FALSE
"280",5,3,5,5,5,FALSE
"281",2,1,1,1,1,TRUE
"282",2,3,2,1,2,FALSE
"283",2,2,2,1,2,FALSE
"284",2,1,2,1,1,TRUE
"285",2,1,2,1,1,TRUE
"286",1,1,2,1,1,TRUE
"287",2,1,2,1,1,TRUE
"288",4,5,5,5,5,FALSE
"289",5,5,5,5,5,FALSE
"290",5,5,5,5,5,FALSE
"291",2,3,2,2,2,FALSE
"292",1,2,2,1,1,TRUE
"293",1,2,2,1,1,TRUE
"294",2,2,2,2,2,FALSE
"295",2,2,2,1,2,FALSE
"296",2,3,2,2,2,FALSE
"297",2,2,2,1,2,FALSE
"298",2,2,2,1,2,FALSE
"299",2,2,2,1,2,FALSE
"300",2,2,2,2,2,FALSE
"301",3,2,2,2,2,FALSE
"302",2,3,2,2,2,FALSE
"303",2,3,2,1,2,FALSE
"304",2,2,2,1,2,FALSE
"305",2,2,2,2,2,FALSE
"306",1,2,2,1,1,TRUE
"307",5,3,5,2,5,FALSE
"308",2,2,2,2,2,FALSE
"309",2,3,2,2,2,FALSE
"310",2,2,2,2,2,FALSE
"311",2,2,3,2,2,FALSE
"312",2,2,2,2,2,FALSE
"313",2,3,3,2,2,FALSE
"314",5,5,4,5,5,FALSE
"315",5,5,5,5,5,FALSE
"316",5,5,5,5,5,FALSE
"317",5,5,5,5,5,FALSE
"318",2,2,2,2,2,FALSE
"319",5,5,5,5,5,FALSE
"320",2,1,1,1,1,TRUE
"321",1,2,1,1,1,TRUE
"322",2,2,2,2,2,FALSE
"323",5,5,5,5,5,FALSE
"324",5,5,5,5,5,FALSE
"325",5,5,5,5,5,FALSE
"326",5,5,5,5,5,FALSE
"327",2,1,2,1,1,TRUE
"328",2,1,2,1,1,TRUE
"329",1,1,2,1,1,TRUE
"330",2,3,3,1,3,FALSE
"331",2,1,2,1,1,TRUE
"332",1,1,2,1,1,TRUE
"333",1,1,2,1,1,TRUE
"334",2,1,2,1,1,TRUE
"335",2,1,2,1,1,TRUE
"336",1,2,2,2,2,FALSE
"337",2,3,3,2,2,FALSE
"338",3,3,3,2,3,FALSE
"339",5,3,4,4,4,FALSE
"340",2,2,2,2,2,FALSE
"341",4,3,3,2,3,FALSE
"342",3,5,3,2,3,FALSE
"343",5,5,3,5,5,FALSE
"344",2,2,2,1,2,FALSE
"345",2,2,2,1,2,FALSE
"346",2,2,2,2,2,FALSE
"347",2,2,2,2,2,FALSE
"348",5,5,5,5,5,FALSE
"349",5,3,3,3,3,FALSE
"350",2,3,2,2,2,FALSE
"351",2,2,2,1,2,FALSE
"352",2,3,2,1,2,FALSE
"353",2,2,2,2,2,FALSE
"354",2,2,2,1,2,FALSE
"355",2,1,2,1,1,TRUE
"356",2,2,2,2,2,FALSE
"357",5,5,5,5,5,FALSE
"358",5,5,5,5,5,FALSE
"359",5,5,5,5,5,FALSE
"360",5,5,5,5,5,FALSE
"361",4,4,3,3,3,FALSE
"362",2,3,2,2,2,FALSE
"363",2,3,3,2,2,FALSE
"364",2,3,2,2,2,FALSE
"365",2,3,2,2,2,FALSE
"366",2,3,2,2,2,FALSE
"367",1,2,2,2,2,FALSE
"368",2,3,3,2,2,FALSE
"369",1,1,2,1,1,TRUE
"370",2,2,2,2,2,FALSE
"371",5,5,5,5,5,FALSE
"372",5,5,5,5,5,FALSE
"373",5,5,5,5,5,FALSE
"374",5,5,5,5,5,FALSE
"375",5,5,5,5,5,FALSE
"376",5,5,5,5,5,FALSE
"377",5,5,5,5,5,FALSE
"378",5,5,5,5,5,FALSE
"379",5,5,5,5,5,FALSE
"380",5,5,5,5,5,FALSE
"381",5,4,3,4,4,FALSE
"382",4,4,4,4,4,FALSE
"383",2,1,2,1,1,TRUE
"384",5,5,5,5,5,FALSE
"385",2,3,3,3,3,FALSE
"386",5,5,5,5,5,FALSE
"387",5,5,5,5,5,FALSE
"388",5,5,5,5,5,FALSE
"389",4,2,2,2,2,FALSE
"390",5,5,5,5,5,FALSE
"391",5,5,5,5,5,FALSE
"392",5,5,5,5,5,FALSE
"393",5,5,5,5,5,FALSE
"394",5,5,5,5,5,FALSE
"395",5,5,5,5,5,FALSE
"396",5,5,5,5,5,FALSE
"397",5,5,5,5,5,FALSE
"398",5,5,5,5,5,FALSE
"399",5,5,5,5,5,FALSE
"400",5,5,5,5,5,FALSE
"401",5,5,5,5,5,FALSE
"402",5,5,5,5,5,FALSE
"403",5,5,5,5,5,FALSE
"404",5,5,5,5,5,FALSE
"405",5,5,5,5,5,FALSE
"406",5,5,5,5,5,FALSE
"407",5,5,5,5,5,FALSE
"408",5,5,5,5,5,FALSE
"409",4,3,3,2,3,FALSE
"410",3,3,2,2,2,FALSE
"411",5,5,5,5,5,FALSE
"412",5,5,5,5,5,FALSE
"413",5,5,5,5,5,FALSE
"414",5,5,5,5,5,FALSE
"415",5,5,5,5,5,FALSE
"416",5,5,5,5,5,FALSE
"417",5,5,5,5,5,FALSE
"418",5,5,5,5,5,FALSE
"419",5,5,5,5,5,FALSE
"420",5,5,5,5,5,FALSE
"421",5,5,5,5,5,FALSE
"422",5,5,5,5,5,FALSE
"423",5,5,5,5,5,FALSE
"424",5,5,5,5,5,FALSE
"425",5,5,5,5,5,FALSE
"426",5,5,5,5,5,FALSE
"427",5,5,5,5,5,FALSE
"428",5,5,5,5,5,FALSE
"429",5,5,5,5,5,FALSE
"430",5,5,5,5,5,FALSE
"431",2,3,2,2,2,FALSE
"432",2,3,2,2,2,FALSE
"433",5,5,5,5,5,FALSE
"434",5,5,5,5,5,FALSE
"435",2,2,2,2,2,FALSE
"436",3,2,2,2,2,FALSE
"437",3,2,3,3,3,FALSE
"438",5,5,5,5,5,FALSE
"439",5,5,5,5,5,FALSE
"440",5,5,5,5,5,FALSE
"441",5,5,5,5,5,FALSE
"442",5,5,5,5,5,FALSE
"443",5,5,5,5,5,FALSE
"444",5,5,5,5,5,FALSE
"445",5,5,5,5,5,FALSE
"446",5,5,5,5,5,FALSE
"447",2,3,3,3,3,FALSE
"448",2,3,3,2,2,FALSE
"449",2,3,3,2,2,FALSE
"450",1,1,2,1,1,TRUE
"451",2,2,2,2,2,FALSE
"452",5,5,5,5,5,FALSE
"453",4,2,3,2,2,FALSE
"454",2,3,3,3,3,FALSE
"455",2,3,3,2,2,FALSE
"456",2,2,2,2,2,FALSE
"457",1,1,2,2,1,TRUE
"458",5,5,5,5,5,FALSE
"459",5,5,5,5,5,FALSE
"460",5,5,5,5,5,FALSE
"461",3,3,3,2,3,FALSE
"462",5,5,5,5,5,FALSE
"463",2,3,3,2,2,FALSE
"464",2,3,3,2,2,FALSE
"465",5,3,3,3,3,FALSE
"466",2,2,2,2,2,FALSE
"467",2,1,2,2,2,FALSE
"468",1,1,2,1,1,TRUE
"469",4,4,4,4,4,FALSE
"470",4,4,4,4,4,FALSE
"471",5,5,5,5,5,FALSE
"472",2,3,3,2,2,FALSE
"473",2,3,4,2,2,FALSE
"474",2,2,2,1,2,FALSE
"475",1,1,2,1,1,TRUE
"476",2,2,2,2,2,FALSE
"477",2,1,2,2,2,FALSE
"478",2,2,2,2,2,FALSE
"479",2,2,2,2,2,FALSE
"480",1,2,2,2,2,FALSE
"481",2,2,2,2,2,FALSE
"482",3,3,3,2,3,FALSE
"483",2,2,3,2,2,FALSE
"484",2,3,2,2,2,FALSE
"485",2,2,2,2,2,FALSE
"486",2,2,2,2,2,FALSE
"487",2,3,2,2,2,FALSE
"488",1,2,2,2,2,FALSE
"489",5,5,5,5,5,FALSE
"490",5,5,5,5,5,FALSE
"491",2,3,2,2,2,FALSE
"492",2,3,3,2,2,FALSE
"493",2,2,2,2,2,FALSE
"494",2,2,2,2,2,FALSE
"495",2,2,2,2,2,FALSE
"496",2,3,3,2,2,FALSE
"497",2,2,2,2,2,FALSE
"498",2,2,2,2,2,FALSE
"499",4,4,3,3,3,FALSE
"500",2,3,3,2,2,FALSE
"501",2,2,2,2,2,FALSE
"502",1,2,2,2,2,FALSE
"503",2,3,3,2,2,FALSE
"504",2,2,2,2,2,FALSE
"505",2,2,2,2,2,FALSE
"506",5,5,5,5,5,FALSE
"507",1,2,2,2,2,FALSE
"508",2,2,2,1,2,FALSE
"509",2,1,2,1,1,TRUE
"510",1,1,2,1,1,TRUE
"511",2,3,2,2,2,FALSE
"512",1,1,2,1,1,TRUE
"513",2,2,2,2,2,FALSE
"514",2,2,2,2,2,FALSE
"515",2,2,2,2,2,FALSE
"516",2,2,2,2,2,FALSE
"517",2,3,3,2,2,FALSE
"518",2,2,2,2,2,FALSE
"519",1,2,2,2,2,FALSE
"520",5,3,4,2,2,FALSE
"521",2,2,2,2,2,FALSE
"522",2,3,2,2,2,FALSE
"523",2,3,3,2,2,FALSE
"524",4,4,3,3,3,FALSE
"525",4,3,3,2,3,FALSE
"526",2,2,2,1,2,FALSE
"527",5,3,4,2,2,FALSE
"528",2,2,2,2,2,FALSE
"529",2,3,2,2,2,FALSE
"530",2,2,2,2,2,FALSE
"531",2,2,3,2,2,FALSE
"532",2,2,2,2,2,FALSE
"533",4,3,3,2,3,FALSE
"534",2,3,2,2,2,FALSE
"535",2,3,3,2,2,FALSE
"536",2,2,2,2,2,FALSE
"537",1,1,1,1,1,TRUE
"538",1,2,2,2,2,FALSE
"539",1,1,2,2,1,TRUE
"540",2,2,3,2,2,FALSE
"541",2,2,2,2,2,FALSE
"542",5,5,5,5,5,FALSE
"543",2,2,3,2,2,FALSE
"544",2,2,2,2,2,FALSE
"545",2,3,3,2,2,FALSE
"546",2,2,2,2,2,FALSE
"547",3,4,4,3,3,FALSE
"548",5,5,5,5,5,FALSE
"549",5,5,5,5,5,FALSE
"550",4,3,4,4,4,FALSE
"551",5,4,4,4,4,FALSE
"552",3,3,3,2,3,FALSE
"553",3,2,2,2,2,FALSE
"554",2,2,2,2,2,FALSE
"555",2,2,2,2,2,FALSE
"556",5,5,5,5,5,FALSE
"557",2,2,2,2,2,FALSE
"558",5,5,5,5,5,FALSE
"559",5,5,5,5,5,FALSE
"560",5,5,5,5,5,FALSE
"561",3,3,2,2,2,FALSE
"562",4,3,4,3,3,FALSE
"563",2,2,2,1,2,FALSE
"564",2,3,2,2,2,FALSE
"565",2,3,3,2,2,FALSE
"566",2,3,3,2,2,FALSE
"567",2,2,2,2,2,FALSE
"568",5,5,5,5,5,FALSE
"569",5,5,5,5,5,FALSE
"570",4,3,3,3,3,FALSE
"571",3,2,2,2,2,FALSE
"572",4,4,4,4,4,FALSE
"573",3,3,3,2,3,FALSE
"574",4,3,3,3,3,FALSE
"575",2,2,2,2,2,FALSE
"576",2,2,2,2,2,FALSE
"577",2,3,3,2,2,FALSE
"578",3,3,3,2,3,FALSE
"579",2,3,3,3,3,FALSE
"580",2,1,2,1,1,TRUE
"581",2,2,2,1,2,FALSE
"582",2,3,2,2,2,FALSE
"583",2,3,2,2,2,FALSE
"584",1,1,2,1,1,TRUE
"585",2,2,3,2,2,FALSE
"586",3,2,2,2,2,FALSE
"587",2,2,2,2,2,FALSE
"588",3,3,3,2,3,FALSE
"589",2,3,3,2,2,FALSE
"590",2,2,2,2,2,FALSE
"591",2,2,2,2,2,FALSE
"592",2,2,2,2,2,FALSE
"593",2,3,3,3,3,FALSE
"594",1,1,2,1,1,TRUE
"595",2,3,2,2,2,FALSE
"596",1,1,2,1,1,TRUE
"597",2,3,3,2,2,FALSE
"598",1,2,2,1,1,TRUE
"599",2,2,2,1,2,FALSE
"600",2,2,2,1,2,FALSE
"601",1,1,2,1,1,TRUE
"602",2,3,2,2,2,FALSE
"603",5,5,5,5,5,FALSE
"604",2,2,2,2,2,FALSE
"605",1,2,2,1,1,TRUE
"606",3,3,3,2,3,FALSE
"607",2,2,2,2,2,FALSE
"608",2,3,2,4,2,FALSE
"609",5,5,5,5,5,FALSE
"610",2,3,2,2,2,FALSE
"611",1,2,2,2,2,FALSE
"612",2,2,2,2,2,FALSE
"613",3,3,3,3,3,FALSE
"614",2,2,2,1,2,FALSE
"615",2,2,2,2,2,FALSE
"616",1,1,2,1,1,TRUE
"617",4,3,3,3,3,FALSE
"618",2,2,2,2,2,FALSE
"619",3,3,3,3,3,FALSE
"620",2,2,2,1,2,FALSE
"621",2,3,2,2,2,FALSE
"622",2,2,2,2,2,FALSE
"623",3,3,3,3,3,FALSE
"624",2,3,3,2,2,FALSE
"625",3,3,3,3,3,FALSE
"626",4,3,3,2,3,FALSE
"627",5,5,5,5,5,FALSE
"628",5,5,5,5,5,FALSE
"629",5,5,5,5,5,FALSE
"630",5,5,5,5,5,FALSE
"631",5,2,2,2,2,FALSE
"632",2,1,2,1,1,TRUE
"633",1,5,5,1,1,TRUE
"634",2,2,2,2,2,FALSE
"635",1,2,2,2,2,FALSE
"636",1,1,2,2,1,TRUE
"637",1,2,2,2,2,FALSE
"638",2,3,2,2,2,FALSE
"639",2,2,2,1,2,FALSE
"640",2,3,2,2,2,FALSE
"641",2,2,2,2,2,FALSE
"642",2,1,2,1,1,TRUE
"643",2,3,2,2,2,FALSE
"644",2,2,3,1,2,FALSE
"645",2,3,2,2,2,FALSE
"646",1,1,2,1,1,TRUE
"647",3,3,3,3,3,FALSE
"648",4,4,4,3,4,FALSE
"649",2,3,2,2,2,FALSE
"650",2,2,2,2,2,FALSE
"651",2,2,2,2,2,FALSE
"652",2,2,2,1,2,FALSE
"653",2,1,2,1,1,TRUE
"654",2,5,2,1,2,FALSE
"655",2,3,2,2,2,FALSE
"656",5,5,5,5,5,FALSE
"657",2,1,2,1,1,TRUE
"658",2,2,2,2,2,FALSE
"659",2,2,2,2,2,FALSE
"660",2,2,2,2,2,FALSE
"661",2,2,2,2,2,FALSE
"662",2,3,2,2,2,FALSE
"663",3,3,3,3,3,FALSE
"664",5,5,5,5,5,FALSE
"665",2,2,2,2,2,FALSE
"666",2,1,2,1,1,TRUE
"667",2,3,2,2,2,FALSE
"668",2,3,3,2,2,FALSE
"669",2,1,2,1,1,TRUE
"670",2,2,2,1,2,FALSE
"671",2,1,2,1,1,TRUE
"672",2,2,2,2,2,FALSE
"673",3,2,2,1,2,FALSE
"674",2,1,2,1,1,TRUE
"675",2,1,2,1,1,TRUE
"676",4,3,3,3,3,FALSE
"677",2,2,2,1,2,FALSE
"678",1,1,2,1,1,TRUE
"679",2,2,2,2,2,FALSE
"680",2,2,2,1,2,FALSE
"681",2,2,2,1,2,FALSE
"682",3,3,2,2,2,FALSE
"683",2,1,2,1,1,TRUE
"684",2,2,2,1,2,FALSE
"685",2,1,1,1,1,TRUE
"686",2,1,2,1,1,TRUE
"687",2,3,2,2,2,FALSE
"688",2,3,3,3,3,FALSE
"689",2,2,2,2,2,FALSE
"690",2,1,2,1,1,TRUE
"691",2,2,2,2,2,FALSE
"692",2,2,2,2,2,FALSE
"693",5,5,5,5,5,FALSE
"694",2,2,2,2,2,FALSE
"695",3,3,2,2,2,FALSE
"696",2,2,2,2,2,FALSE
"697",2,3,2,2,2,FALSE
"698",3,2,2,2,2,FALSE
"699",2,1,2,1,1,TRUE
"700",2,1,2,2,2,FALSE
"701",2,2,2,1,2,FALSE
"702",3,2,2,2,2,FALSE
"703",4,3,3,2,3,FALSE
"704",5,5,5,5,5,FALSE
"705",2,1,2,1,1,TRUE
"706",2,1,2,1,1,TRUE
"707",2,1,2,1,1,TRUE
"708",2,2,2,2,2,FALSE
"709",5,5,5,5,5,FALSE
"710",5,5,5,5,5,FALSE
"711",3,2,2,2,2,FALSE
"712",3,3,3,2,3,FALSE
"713",2,2,2,1,2,FALSE
"714",2,2,3,2,2,FALSE
"715",2,1,2,2,2,FALSE
"716",2,3,3,2,2,FALSE
"717",2,2,2,1,2,FALSE
"718",3,3,3,3,3,FALSE
"719",2,3,3,2,2,FALSE
"720",2,2,2,2,2,FALSE
"721",3,4,3,3,3,FALSE
"722",2,2,2,2,2,FALSE
"723",2,2,2,2,2,FALSE
"724",2,1,2,2,2,FALSE
"725",2,2,2,1,2,FALSE
"726",2,1,2,2,2,FALSE
"727",1,2,2,2,2,FALSE
"728",1,1,2,2,1,TRUE
"729",2,2,2,2,2,FALSE
"730",2,1,2,1,1,TRUE
"731",1,2,2,2,2,FALSE
"732",4,3,3,3,3,FALSE
"733",1,1,2,1,1,TRUE
"734",1,2,2,1,1,TRUE
"735",2,2,2,2,2,FALSE
"736",2,2,2,2,2,FALSE
"737",2,2,2,1,2,FALSE
"738",1,2,2,2,2,FALSE
"739",1,1,2,1,1,TRUE
"740",1,1,2,1,1,TRUE
"741",2,2,2,1,2,FALSE
"742",2,1,2,1,1,TRUE
"743",1,1,2,1,1,TRUE
"744",2,2,2,2,2,FALSE
"745",2,2,2,2,2,FALSE
"746",5,5,5,5,5,FALSE
"747",2,2,2,2,2,FALSE
"748",1,1,2,1,1,TRUE
"749",2,2,2,2,2,FALSE
"750",1,1,2,1,1,TRUE
"751",1,1,2,1,1,TRUE
"752",1,1,2,1,1,TRUE
"753",1,1,2,1,1,TRUE
"754",2,2,2,2,2,FALSE
"755",2,2,2,2,2,FALSE
"756",2,3,2,2,2,FALSE
"757",2,3,2,2,2,FALSE
"758",1,2,2,2,2,FALSE
"759",1,2,2,2,2,FALSE
"760",1,1,2,1,1,TRUE
"761",1,1,2,2,1,TRUE
"762",2,2,2,2,2,FALSE
"763",1,1,2,1,1,TRUE
"764",1,1,2,1,1,TRUE
"765",1,1,2,1,1,TRUE
"766",1,1,1,1,1,TRUE
"767",1,1,1,1,1,TRUE
"768",1,1,2,1,1,TRUE
"769",2,2,2,2,2,FALSE
"770",2,3,2,2,2,FALSE
"771",2,3,2,2,2,FALSE
"772",2,2,2,2,2,FALSE
"773",2,2,2,2,2,FALSE
"774",2,2,2,2,2,FALSE
"775",3,3,3,2,3,FALSE
"776",2,3,2,2,2,FALSE
"777",1,2,2,2,2,FALSE
"778",1,1,2,1,1,TRUE
"779",1,1,1,1,1,TRUE
"780",1,1,1,1,1,TRUE
"781",2,1,2,1,1,TRUE
"782",2,2,2,2,2,FALSE
"783",2,2,2,1,2,FALSE
"784",3,3,3,2,3,FALSE
"785",3,2,2,2,2,FALSE
"786",2,2,2,1,2,FALSE
"787",1,1,1,1,1,TRUE
"788",1,2,2,1,1,TRUE
"789",1,1,2,1,1,TRUE
"790",1,2,2,1,1,TRUE
"791",1,1,1,1,1,TRUE
"792",1,1,2,1,1,TRUE
"793",2,2,2,2,2,FALSE
"794",2,2,2,2,2,FALSE
"795",1,1,2,1,1,TRUE
"796",2,3,3,3,3,FALSE
"797",2,3,3,2,2,FALSE
"798",3,3,3,3,3,FALSE
"799",1,2,2,1,1,TRUE
"800",2,3,2,2,2,FALSE
"801",2,3,3,2,2,FALSE
"802",2,3,2,2,2,FALSE
"803",1,1,1,1,1,TRUE
"804",3,3,3,2,3,FALSE
"805",1,1,2,1,1,TRUE
"806",2,2,2,1,2,FALSE
"807",2,2,2,2,2,FALSE
"808",1,2,2,1,1,TRUE
"809",1,1,1,1,1,TRUE
"810",1,1,2,1,1,TRUE
"811",2,2,2,1,2,FALSE
"812",2,2,2,2,2,FALSE
"813",1,1,2,1,1,TRUE
"814",2,2,2,2,2,FALSE
"815",1,1,2,1,1,TRUE
"816",2,2,2,2,2,FALSE
"817",2,1,2,1,1,TRUE
"818",1,1,2,1,1,TRUE
"819",1,1,2,1,1,TRUE
"820",1,1,1,1,1,TRUE
"821",1,1,2,1,1,TRUE
"822",1,2,2,1,1,TRUE
"823",2,2,2,2,2,FALSE
"824",1,2,2,1,1,TRUE
"825",3,3,3,2,3,FALSE
"826",2,3,3,2,2,FALSE
"827",4,3,3,3,3,FALSE
"828",1,2,2,1,1,TRUE
"829",2,2,2,2,2,FALSE
"830",2,2,2,2,2,FALSE
"831",2,1,2,1,1,TRUE
"832",1,2,2,1,1,TRUE
"833",2,3,3,2,2,FALSE
"834",1,2,2,1,1,TRUE
"835",2,3,3,3,3,FALSE
"836",1,2,2,1,1,TRUE
"837",2,2,2,2,2,FALSE
"838",2,3,3,2,2,FALSE
"839",2,3,2,2,2,FALSE
"840",2,2,2,2,2,FALSE
"841",2,3,2,2,2,FALSE
"842",2,3,2,2,2,FALSE
"843",3,3,3,2,3,FALSE
"844",2,3,3,2,2,FALSE
"845",2,3,2,2,2,FALSE
"846",1,2,2,1,1,TRUE
"847",2,2,2,2,2,FALSE
"848",1,2,2,1,1,TRUE
"849",2,2,2,2,2,FALSE
"850",2,2,2,2,2,FALSE
"851",5,5,4,5,5,FALSE
"852",1,3,2,2,2,FALSE
"853",4,3,4,4,4,FALSE
"854",5,5,5,5,5,FALSE
"855",2,3,3,5,3,FALSE
"856",1,2,2,1,1,TRUE
"857",1,1,2,1,1,TRUE
"858",1,1,2,1,1,TRUE
"859",1,1,2,1,1,TRUE
"860",1,1,2,1,1,TRUE
"861",1,1,2,1,1,TRUE
"862",1,1,2,1,1,TRUE
"863",1,1,2,1,1,TRUE
"864",1,2,2,1,1,TRUE
"865",1,1,2,1,1,TRUE
"866",1,2,2,1,1,TRUE
"867",4,4,4,4,4,FALSE
"868",4,5,4,5,4,FALSE
"869",2,3,2,2,2,FALSE
"870",1,1,2,1,1,TRUE
"871",1,2,2,1,1,TRUE
"872",2,1,2,1,1,TRUE
"873",2,2,2,2,2,FALSE
"874",2,3,2,2,2,FALSE
"875",1,2,2,1,1,TRUE
"876",2,2,2,1,2,FALSE
"877",1,3,2,1,1,TRUE
"878",2,2,2,2,2,FALSE
"879",2,3,3,2,2,FALSE
"880",2,2,2,2,2,FALSE
"881",2,2,2,2,2,FALSE
"882",2,3,2,2,2,FALSE
"883",1,2,2,1,1,TRUE
"884",2,2,2,2,2,FALSE
"885",2,2,2,1,2,FALSE
"886",5,5,5,5,5,FALSE
"887",5,5,5,5,5,FALSE
"888",5,5,5,5,5,FALSE
"889",5,5,5,5,5,FALSE
"890",5,5,5,5,5,FALSE
"891",5,5,5,5,5,FALSE
"892",5,5,5,5,5,FALSE
"893",5,5,5,5,5,FALSE
"894",5,5,5,5,5,FALSE
"895",5,5,5,5,5,FALSE
"896",1,2,2,2,2,FALSE
"897",1,1,2,1,1,TRUE
"898",5,5,5,5,5,FALSE
"899",2,3,4,3,3,FALSE
"900",5,5,5,5,5,FALSE
"901",5,5,5,5,5,FALSE
"902",5,5,5,5,5,FALSE
"903",1,2,2,1,1,TRUE
"904",2,2,2,2,2,FALSE
"905",2,2,2,2,2,FALSE
"906",5,5,5,5,5,FALSE
"907",2,3,3,2,2,FALSE
"908",5,5,2,1,5,FALSE
"909",1,1,2,1,1,TRUE
"910",2,2,2,2,2,FALSE
"911",1,2,2,1,1,TRUE
"912",1,2,2,2,2,FALSE
"913",1,2,2,2,2,FALSE
"914",1,2,2,1,1,TRUE
"915",1,2,2,1,1,TRUE
"916",2,2,2,1,2,FALSE
"917",1,1,2,1,1,TRUE
"918",1,1,2,1,1,TRUE
"919",2,1,3,1,1,TRUE
"920",1,1,1,1,1,TRUE
"921",1,2,2,1,1,TRUE
"922",1,1,2,1,1,TRUE
"923",1,1,2,1,1,TRUE
"924",1,2,2,2,2,FALSE
"925",2,3,2,2,2,FALSE
"926",1,2,2,1,1,TRUE
"927",1,1,2,1,1,TRUE
"928",1,1,1,1,1,TRUE
"929",5,2,3,1,1,TRUE
"930",2,2,2,1,2,FALSE
"931",1,2,2,1,1,TRUE
"932",1,2,2,1,1,TRUE
"933",1,1,2,1,1,TRUE
"934",1,1,2,1,1,TRUE
"935",2,2,2,1,2,FALSE
"936",1,2,2,1,1,TRUE
"937",5,2,4,4,4,FALSE
"938",1,2,2,1,1,TRUE
"939",1,1,1,1,1,TRUE
"940",2,2,2,1,2,FALSE
"941",1,1,2,1,1,TRUE
"942",2,2,2,2,2,FALSE
"943",1,1,2,1,1,TRUE
"944",2,2,2,2,2,FALSE
"945",1,2,3,2,2,FALSE
"946",2,2,2,2,2,FALSE
"947",1,1,2,1,1,TRUE
"948",1,2,2,2,2,FALSE
"949",2,2,2,2,2,FALSE
"950",2,2,2,2,2,FALSE
"951",2,2,2,2,2,FALSE
"952",2,2,2,2,2,FALSE
"953",2,2,2,1,2,FALSE
"954",2,3,2,5,2,FALSE
"955",2,2,2,2,2,FALSE
"956",2,2,2,2,2,FALSE
"957",1,2,2,2,2,FALSE
"958",2,3,5,5,5,FALSE
"959",1,1,2,5,1,TRUE
"960",2,2,2,1,2,FALSE
"961",1,2,2,1,1,TRUE
"962",1,2,2,1,1,TRUE
"963",1,1,2,1,1,TRUE
"964",1,1,2,1,1,TRUE
"965",1,2,2,1,1,TRUE
"966",1,1,2,1,1,TRUE
"967",1,1,2,1,1,TRUE
"968",2,2,2,2,2,FALSE
"969",2,2,2,1,2,FALSE
"970",2,2,2,2,2,FALSE
"971",1,2,2,1,1,TRUE
"972",1,3,4,2,1,TRUE
"973",1,2,2,2,2,FALSE
"974",2,3,2,2,2,FALSE
"975",1,2,2,1,1,TRUE
"976",2,2,2,1,2,FALSE
"977",2,2,2,1,2,FALSE
"978",2,2,2,2,2,FALSE
"979",1,2,2,1,1,TRUE
"980",1,1,2,1,1,TRUE
"981",1,1,2,1,1,TRUE
"982",1,1,2,1,1,TRUE
"983",2,2,2,2,2,FALSE
"984",1,2,2,2,2,FALSE
"985",2,2,2,1,2,FALSE
"986",1,1,2,1,1,TRUE
"987",1,1,2,1,1,TRUE
"988",1,1,1,1,1,TRUE
"989",1,1,2,1,1,TRUE
"990",2,2,2,1,2,FALSE
"991",2,3,3,2,2,FALSE
"992",2,2,2,2,2,FALSE
"993",2,1,2,1,1,TRUE
"994",2,3,3,2,2,FALSE
"995",1,2,2,2,2,FALSE
"996",1,1,1,1,1,TRUE
"997",1,1,2,1,1,TRUE
"998",2,2,5,5,2,FALSE
"999",1,1,2,1,1,TRUE
"1000",1,1,1,1,1,TRUE
"1001",1,1,2,1,1,TRUE
"1002",1,2,2,2,2,FALSE
"1003",5,4,4,4,4,FALSE
"1004",5,4,5,5,5,FALSE
"1005",5,3,4,4,4,FALSE
"1006",1,1,1,1,1,TRUE
"1007",4,3,3,3,3,FALSE
"1008",4,3,3,3,3,FALSE
"1009",2,2,2,2,2,FALSE
"1010",4,4,4,3,4,FALSE
"1011",3,3,3,3,3,FALSE
"1012",5,5,5,5,5,FALSE
"1013",4,4,4,4,4,FALSE
"1014",1,2,2,1,1,TRUE
"1015",1,2,2,1,1,TRUE
"1016",5,2,2,2,2,FALSE
"1017",5,5,5,5,5,FALSE
"1018",1,2,2,2,2,FALSE
"1019",1,3,3,2,3,FALSE
"1020",4,5,4,4,4,FALSE
"1021",5,5,5,5,5,FALSE
"1022",2,3,3,2,2,FALSE
"1023",5,5,5,5,5,FALSE
"1024",1,2,2,2,2,FALSE
"1025",1,2,2,1,1,TRUE
"1026",3,3,2,2,2,FALSE
"1027",4,4,4,4,4,FALSE
"1028",2,2,2,2,2,FALSE
"1029",5,5,5,5,5,FALSE
"1030",3,3,3,3,3,FALSE
"1031",1,2,2,1,1,TRUE
"1032",2,2,4,2,2,FALSE
"1033",2,2,2,2,2,FALSE
"1034",3,2,3,2,2,FALSE
"1035",5,3,3,5,3,FALSE
"1036",1,3,2,1,1,TRUE
"1037",1,1,2,1,1,TRUE
"1038",2,5,3,2,2,FALSE
"1039",2,3,2,1,2,FALSE
"1040",2,3,2,2,2,FALSE
"1041",2,2,3,2,2,FALSE
"1042",4,3,3,2,3,FALSE
"1043",1,2,2,2,2,FALSE
"1044",2,3,3,2,2,FALSE
"1045",2,3,2,2,2,FALSE
"1046",2,2,2,1,2,FALSE
"1047",5,4,4,4,4,FALSE
"1048",2,1,2,1,1,TRUE
"1049",1,3,3,2,3,FALSE
"1050",5,5,5,5,5,FALSE
"1051",5,5,5,5,5,FALSE
"1052",5,5,5,5,5,FALSE
"1053",2,2,2,2,2,FALSE
"1054",4,3,3,3,3,FALSE
"1055",5,5,5,5,5,FALSE
"1056",5,5,5,5,5,FALSE
"1057",5,5,5,5,5,FALSE
"1058",4,4,4,4,4,FALSE
"1059",2,3,3,3,3,FALSE
"1060",5,5,2,5,5,FALSE
"1061",5,5,2,5,5,FALSE
"1062",1,2,2,1,1,TRUE
"1063",1,2,2,1,1,TRUE
"1064",2,2,2,2,2,FALSE
"1065",3,3,3,2,3,FALSE
"1066",2,2,2,1,2,FALSE
"1067",2,3,3,2,2,FALSE
"1068",1,2,2,1,1,TRUE
"1069",2,2,2,2,2,FALSE
"1070",3,3,3,2,3,FALSE
"1071",2,2,2,1,2,FALSE
"1072",2,3,3,2,2,FALSE
"1073",3,3,2,2,2,FALSE
"1074",3,3,5,5,3,FALSE
"1075",2,3,3,2,2,FALSE
"1076",5,5,5,5,5,FALSE
"1077",5,5,5,5,5,FALSE
"1078",5,3,3,2,3,FALSE
"1079",2,1,2,1,1,TRUE
"1080",2,3,3,2,2,FALSE
"1081",1,1,1,1,1,TRUE
"1082",1,1,1,1,1,TRUE
"1083",1,1,1,1,1,TRUE
"1084",1,2,2,2,2,FALSE
"1085",2,2,2,2,2,FALSE
"1086",1,1,2,1,1,TRUE
"1087",2,2,2,2,2,FALSE
"1088",2,1,2,1,1,TRUE
"1089",2,2,2,2,2,FALSE
"1090",2,2,2,2,2,FALSE
"1091",1,1,2,1,1,TRUE
"1092",1,2,2,1,1,TRUE
"1093",3,3,3,3,3,FALSE
"1094",5,5,2,2,2,FALSE
"1095",1,2,2,1,1,TRUE
"1096",1,2,2,1,1,TRUE
"1097",2,2,2,2,2,FALSE
"1098",5,5,5,5,5,FALSE
"1099",2,3,2,2,2,FALSE
"1100",2,2,2,2,2,FALSE
"1101",1,2,2,2,2,FALSE
"1102",2,2,2,1,2,FALSE
"1103",2,2,2,2,2,FALSE
"1104",3,3,2,2,2,FALSE
"1105",2,3,2,2,2,FALSE
"1106",2,3,3,2,2,FALSE
"1107",2,3,3,2,2,FALSE
"1108",1,2,2,2,2,FALSE
"1109",2,3,2,2,2,FALSE
"1110",1,2,2,1,1,TRUE
"1111",1,2,2,1,1,TRUE
"1112",2,1,2,1,1,TRUE
"1113",2,2,2,2,2,FALSE
"1114",2,3,2,2,2,FALSE
"1115",2,1,2,1,1,TRUE
"1116",1,1,2,1,1,TRUE
"1117",2,2,2,2,2,FALSE
"1118",1,1,2,1,1,TRUE
"1119",5,3,5,3,3,FALSE
"1120",1,1,2,1,1,TRUE
"1121",2,2,2,2,2,FALSE
"1122",2,2,2,2,2,FALSE
"1123",1,2,2,1,1,TRUE
"1124",1,1,2,1,1,TRUE
"1125",2,2,2,1,2,FALSE
"1126",2,2,2,2,2,FALSE
"1127",3,3,2,2,2,FALSE
"1128",2,2,2,2,2,FALSE
"1129",2,2,2,2,2,FALSE
"1130",1,1,2,2,1,TRUE
"1131",2,3,3,2,2,FALSE
"1132",2,1,2,2,2,FALSE
"1133",3,3,3,2,3,FALSE
"1134",1,2,2,2,2,FALSE
"1135",5,2,5,5,5,FALSE
"1136",5,5,5,5,5,FALSE
"1137",2,2,2,2,2,FALSE
"1138",2,2,2,2,2,FALSE
"1139",2,2,2,2,2,FALSE
"1140",2,2,2,2,2,FALSE
"1141",2,2,2,2,2,FALSE
"1142",1,2,2,2,2,FALSE
"1143",2,2,2,2,2,FALSE
"1144",3,3,3,2,3,FALSE
"1145",3,3,2,2,2,FALSE
"1146",2,3,3,2,2,FALSE
"1147",1,1,1,1,1,TRUE
"1148",1,1,2,1,1,TRUE
"1149",5,5,5,5,5,FALSE
"1150",1,2,2,2,2,FALSE
"1151",2,2,2,1,2,FALSE
"1152",2,2,2,2,2,FALSE
"1153",1,2,2,2,2,FALSE
"1154",2,2,2,2,2,FALSE
"1155",2,2,2,2,2,FALSE
"1156",2,2,2,2,2,FALSE
"1157",2,2,2,2,2,FALSE
"1158",2,2,2,2,2,FALSE
"1159",1,1,2,2,1,TRUE
"1160",5,4,5,5,5,FALSE
"1161",5,5,5,5,5,FALSE
"1162",5,5,5,5,5,FALSE
"1163",5,5,5,5,5,FALSE
"1164",5,5,5,5,5,FALSE
"1165",5,5,5,5,5,FALSE
"1166",5,5,5,5,5,FALSE
"1167",5,5,5,5,5,FALSE
"1168",5,2,2,2,2,FALSE
"1169",1,1,2,2,1,TRUE
"1170",2,2,2,2,2,FALSE
"1171",4,2,3,2,2,FALSE
"1172",5,5,5,5,5,FALSE
"1173",5,5,5,5,5,FALSE
"1174",2,3,2,1,2,FALSE
"1175",5,3,3,3,3,FALSE
"1176",2,3,2,2,2,FALSE
"1177",2,3,3,2,2,FALSE
"1178",2,3,3,2,2,FALSE
"1179",2,2,2,2,2,FALSE
"1180",5,5,5,5,5,FALSE
"1181",5,4,5,3,5,FALSE
"1182",2,2,2,2,2,FALSE
"1183",4,4,3,4,4,FALSE
"1184",5,5,5,5,5,FALSE
"1185",4,4,3,3,3,FALSE
"1186",2,2,2,2,2,FALSE
"1187",2,2,2,2,2,FALSE
"1188",2,2,2,2,2,FALSE
"1189",4,3,3,3,3,FALSE
"1190",5,5,2,5,5,FALSE
"1191",5,5,2,5,5,FALSE
"1192",5,5,5,5,5,FALSE
"1193",5,5,5,5,5,FALSE
"1194",1,1,2,1,1,TRUE
"1195",1,2,2,2,2,FALSE
"1196",5,3,3,2,3,FALSE
"1197",3,3,2,2,2,FALSE
"1198",2,2,2,2,2,FALSE
"1199",3,2,2,2,2,FALSE
"1200",2,2,5,5,2,FALSE
"1201",2,5,5,5,5,FALSE
"1202",2,2,2,2,2,FALSE
"1203",2,2,2,2,2,FALSE
"1204",2,2,2,2,2,FALSE
"1205",1,1,2,1,1,TRUE
"1206",2,1,2,1,1,TRUE
"1207",2,2,2,2,2,FALSE
"1208",2,1,2,1,1,TRUE
"1209",1,1,2,1,1,TRUE
"1210",2,1,3,1,1,TRUE
"1211",1,1,2,1,1,TRUE
"1212",2,2,2,1,2,FALSE
"1213",1,2,2,2,2,FALSE
"1214",2,2,2,2,2,FALSE
"1215",1,2,2,1,1,TRUE
"1216",1,1,2,1,1,TRUE
"1217",5,5,5,5,5,FALSE
"1218",3,3,4,3,3,FALSE
"1219",2,2,3,2,2,FALSE
"1220",5,5,5,5,5,FALSE
"1221",5,5,5,5,5,FALSE
"1222",5,5,5,5,5,FALSE
"1223",3,3,4,3,3,FALSE
"1224",3,3,4,3,3,FALSE
"1225",5,5,5,5,5,FALSE
"1226",5,5,5,5,5,FALSE
"1227",5,5,5,5,5,FALSE
"1228",5,5,5,5,5,FALSE
"1229",5,5,5,5,5,FALSE
"1230",5,5,5,5,5,FALSE
"1231",5,5,5,5,5,FALSE
"1232",5,5,5,5,5,FALSE
"1233",4,2,3,2,2,FALSE
"1234",4,2,3,2,2,FALSE
"1235",5,3,5,5,5,FALSE
"1236",5,5,5,5,5,FALSE
"1237",5,5,5,5,5,FALSE
"1238",5,5,5,5,5,FALSE
"1239",5,5,5,5,5,FALSE
"1240",5,5,5,5,5,FALSE
"1241",5,5,5,5,5,FALSE
"1242",5,5,5,5,5,FALSE
"1243",5,5,5,5,5,FALSE
"1244",5,5,5,5,5,FALSE
"1245",5,5,5,5,5,FALSE
"1246",2,2,2,1,2,FALSE
"1247",2,2,2,1,2,FALSE
"1248",5,5,5,5,5,FALSE
"1249",2,5,5,2,2,FALSE
"1250",2,3,3,2,2,FALSE
"1251",5,5,5,5,5,FALSE
"1252",5,5,5,5,5,FALSE
"1253",5,5,5,5,5,FALSE
"1254",5,5,5,5,5,FALSE
"1255",3,2,2,2,2,FALSE
"1256",2,2,2,2,2,FALSE
"1257",2,2,2,2,2,FALSE
"1258",2,3,2,2,2,FALSE
"1259",2,3,2,2,2,FALSE
"1260",5,5,5,5,5,FALSE
"1261",2,2,2,2,2,FALSE
"1262",5,3,5,3,3,FALSE
"1263",2,2,2,2,2,FALSE
"1264",2,2,2,2,2,FALSE
"1265",2,2,2,2,2,FALSE
"1266",3,2,2,2,2,FALSE
"1267",2,2,2,2,2,FALSE
"1268",2,3,2,2,2,FALSE
"1269",2,3,2,2,2,FALSE
"1270",2,2,2,2,2,FALSE
"1271",2,3,3,2,2,FALSE
"1272",2,2,2,2,2,FALSE
"1273",2,2,2,2,2,FALSE
"1274",3,2,2,2,2,FALSE
"1275",2,2,2,2,2,FALSE
"1276",2,3,2,2,2,FALSE
"1277",2,2,2,2,2,FALSE
"1278",2,3,2,2,2,FALSE
"1279",2,2,2,2,2,FALSE
"1280",2,3,2,2,2,FALSE
"1281",5,3,3,2,3,FALSE
"1282",5,3,5,5,5,FALSE
"1283",5,5,5,5,5,FALSE
"1284",3,3,3,3,3,FALSE
"1285",5,5,5,5,5,FALSE
"1286",2,5,2,5,2,FALSE
"1287",2,3,3,2,2,FALSE
"1288",2,3,2,2,2,FALSE
"1289",5,5,3,3,3,FALSE
"1290",2,3,2,2,2,FALSE
"1291",2,3,2,2,2,FALSE
"1292",2,3,2,2,2,FALSE
"1293",5,5,5,5,5,FALSE
"1294",5,5,3,5,5,FALSE
"1295",2,3,2,2,2,FALSE
"1296",5,3,2,5,5,FALSE
"1297",5,5,5,5,5,FALSE
"1298",2,3,2,2,2,FALSE
"1299",5,5,5,5,5,FALSE
"1300",2,2,2,2,2,FALSE
"1301",5,4,3,4,4,FALSE
"1302",2,3,2,2,2,FALSE
"1303",2,3,2,2,2,FALSE
"1304",2,3,2,2,2,FALSE
"1305",2,3,2,2,2,FALSE
"1306",3,3,3,2,3,FALSE
"1307",2,3,2,2,2,FALSE
"1308",3,3,3,2,3,FALSE
"1309",3,3,2,2,2,FALSE
"1310",2,3,2,2,2,FALSE
"1311",2,3,2,2,2,FALSE
"1312",2,3,2,2,2,FALSE
"1313",2,3,2,2,2,FALSE
"1314",2,2,2,2,2,FALSE
"1315",2,3,2,2,2,FALSE
"1316",2,3,2,2,2,FALSE
"1317",3,3,2,2,2,FALSE
"1318",2,3,2,2,2,FALSE
"1319",2,3,2,2,2,FALSE
"1320",5,5,5,5,5,FALSE
"1321",5,5,2,5,5,FALSE
"1322",5,5,2,5,5,FALSE
"1323",5,5,3,5,5,FALSE
"1324",4,5,4,4,4,FALSE
"1325",5,5,4,5,5,FALSE
"1326",2,3,3,3,3,FALSE
"1327",2,3,2,2,2,FALSE
"1328",5,5,5,5,5,FALSE
"1329",2,3,2,2,2,FALSE
"1330",5,5,5,5,5,FALSE
"1331",5,5,5,5,5,FALSE
"1332",5,2,2,2,2,FALSE
"1333",3,3,3,2,3,FALSE
"1334",2,3,2,2,2,FALSE
"1335",5,5,5,5,5,FALSE
"1336",5,5,5,5,5,FALSE
"1337",2,3,2,2,2,FALSE
"1338",2,3,3,2,2,FALSE
"1339",3,3,3,2,3,FALSE
"1340",5,5,5,5,5,FALSE
"1341",5,5,5,5,5,FALSE
"1342",5,5,5,5,5,FALSE
"1343",5,5,5,5,5,FALSE
"1344",5,5,5,5,5,FALSE
"1345",5,5,5,5,5,FALSE
"1346",5,5,5,5,5,FALSE
"1347",5,5,5,5,5,FALSE
"1348",5,5,5,5,5,FALSE
"1349",5,5,5,5,5,FALSE
"1350",5,5,5,5,5,FALSE
"1351",5,5,5,5,5,FALSE
"1352",5,5,5,5,5,FALSE
"1353",5,5,5,5,5,FALSE
"1354",2,1,2,1,1,TRUE
"1355",2,2,2,2,2,FALSE
"1356",5,5,5,5,5,FALSE
"1357",5,5,5,5,5,FALSE
"1358",5,5,5,5,5,FALSE
"1359",4,3,4,4,4,FALSE
"1360",5,5,5,5,5,FALSE
"1361",5,5,5,5,5,FALSE
"1362",5,5,5,5,5,FALSE
"1363",5,5,5,5,5,FALSE
"1364",5,5,5,5,5,FALSE
"1365",5,5,5,5,5,FALSE
"1366",5,5,5,5,5,FALSE
"1367",5,4,4,5,4,FALSE
"1368",5,5,5,5,5,FALSE
"1369",5,5,5,5,5,FALSE
"1370",2,3,3,3,3,FALSE
"1371",3,3,3,3,3,FALSE
"1372",2,2,2,2,2,FALSE
"1373",5,5,5,5,5,FALSE
"1374",5,5,5,5,5,FALSE
"1375",3,3,4,3,3,FALSE
"1376",3,3,4,2,3,FALSE
"1377",2,2,3,2,2,FALSE
"1378",2,2,2,2,2,FALSE
"1379",5,5,5,5,5,FALSE
"1380",5,4,4,1,4,FALSE
"1381",2,1,2,1,1,TRUE
"1382",1,1,2,1,1,TRUE
"1383",2,2,2,1,2,FALSE
"1384",3,3,3,3,3,FALSE
"1385",5,5,5,5,5,FALSE
"1386",5,5,5,5,5,FALSE
"1387",5,5,5,5,5,FALSE
"1388",5,5,5,5,5,FALSE
"1389",5,5,5,5,5,FALSE
"1390",5,5,5,5,5,FALSE
"1391",5,5,5,5,5,FALSE
"1392",5,5,5,5,5,FALSE
"1393",5,5,5,5,5,FALSE
"1394",5,5,5,5,5,FALSE
"1395",2,2,2,1,2,FALSE
"1396",2,2,2,2,2,FALSE
"1397",5,5,5,5,5,FALSE
"1398",5,5,5,5,5,FALSE
"1399",5,4,5,5,5,FALSE
"1400",5,5,5,5,5,FALSE
"1401",5,5,5,5,5,FALSE
"1402",5,5,5,5,5,FALSE
"1403",1,1,2,1,1,TRUE
"1404",2,3,3,2,2,FALSE
"1405",2,3,3,2,2,FALSE
"1406",2,3,3,2,2,FALSE
"1407",2,2,2,2,2,FALSE
"1408",1,1,2,1,1,TRUE
"1409",2,2,2,2,2,FALSE
"1410",2,3,3,2,2,FALSE
"1411",3,3,4,2,3,FALSE
"1412",2,2,2,2,2,FALSE
"1413",2,2,2,2,2,FALSE
"1414",2,2,2,1,2,FALSE
"1415",2,2,2,2,2,FALSE
"1416",2,1,2,1,1,TRUE
"1417",2,1,1,1,1,TRUE
"1418",2,1,2,1,1,TRUE
"1419",1,1,2,1,1,TRUE
"1420",1,1,2,1,1,TRUE
"1421",1,1,2,1,1,TRUE
"1422",1,1,2,1,1,TRUE
"1423",2,2,2,2,2,FALSE
"1424",5,5,5,5,5,FALSE
"1425",2,2,2,2,2,FALSE
"1426",2,2,2,1,2,FALSE
"1427",1,1,2,1,1,TRUE
"1428",5,5,5,5,5,FALSE
"1429",5,5,5,5,5,FALSE
"1430",5,5,5,5,5,FALSE
"1431",3,4,3,2,3,FALSE
"1432",2,2,2,2,2,FALSE
"1433",2,3,3,2,2,FALSE
"1434",1,2,2,2,2,FALSE
"1435",5,5,5,5,5,FALSE
"1436",2,3,2,2,2,FALSE
"1437",3,4,4,2,4,FALSE
"1438",5,5,5,5,5,FALSE
"1439",2,4,4,3,4,FALSE
"1440",4,3,3,3,3,FALSE
"1441",2,3,2,2,2,FALSE
"1442",2,2,2,2,2,FALSE
"1443",2,2,2,2,2,FALSE
"1444",2,3,2,2,2,FALSE
"1445",5,5,5,5,5,FALSE
"1446",5,5,5,5,5,FALSE
"1447",5,5,5,5,5,FALSE
"1448",1,1,2,1,1,TRUE
"1449",2,1,2,1,1,TRUE
"1450",2,2,2,2,2,FALSE
"1451",2,1,2,1,1,TRUE
"1452",1,2,2,1,1,TRUE
"1453",1,2,2,1,1,TRUE
"1454",2,3,2,2,2,FALSE
"1455",3,4,2,2,2,FALSE
"1456",3,3,2,2,2,FALSE
"1457",3,3,2,1,3,FALSE
"1458",2,2,2,1,2,FALSE
"1459",3,3,2,2,2,FALSE
"1460",3,3,3,2,3,FALSE
"1461",2,3,2,2,2,FALSE
"1462",3,3,2,1,3,FALSE
"1463",3,2,2,1,2,FALSE
"1464",2,2,2,1,2,FALSE
"1465",2,2,2,1,2,FALSE
"1466",2,2,2,1,2,FALSE
"1467",1,1,1,1,1,TRUE
"1468",1,1,1,1,1,TRUE
"1469",1,1,2,1,1,TRUE
"1470",1,1,2,1,1,TRUE
"1471",2,1,2,2,2,FALSE
"1472",1,1,2,1,1,TRUE
"1473",2,3,3,2,2,FALSE
"1474",4,3,3,3,3,FALSE
"1475",2,1,2,1,1,TRUE
"1476",3,3,2,2,2,FALSE
"1477",5,5,5,5,5,FALSE
"1478",4,3,3,2,3,FALSE
"1479",5,5,5,5,5,FALSE
"1480",5,5,5,5,5,FALSE
"1481",3,2,2,1,2,FALSE
"1482",5,5,5,5,5,FALSE
"1483",5,3,3,2,3,FALSE
"1484",2,3,2,2,2,FALSE
"1485",4,3,3,3,3,FALSE
"1486",5,5,5,5,5,FALSE
"1487",5,5,5,5,5,FALSE
"1488",5,5,5,5,5,FALSE
"1489",3,3,2,2,2,FALSE
"1490",5,5,5,5,5,FALSE
"1491",4,2,2,2,2,FALSE
"1492",3,2,2,2,2,FALSE
"1493",2,2,2,1,2,FALSE
"1494",2,2,2,1,2,FALSE
"1495",2,5,4,5,5,FALSE
"1496",2,2,2,2,2,FALSE
"1497",5,5,5,5,5,FALSE
"1498",4,4,4,5,4,FALSE
"1499",3,3,3,2,3,FALSE
"1500",2,3,3,2,2,FALSE
"1501",3,2,2,2,2,FALSE
"1502",3,3,3,2,3,FALSE
"1503",3,3,2,2,2,FALSE
"1504",3,3,3,2,3,FALSE
"1505",4,3,3,2,3,FALSE
"1506",3,3,2,2,2,FALSE
"1507",3,3,2,2,2,FALSE
"1508",3,3,2,2,2,FALSE
"1509",2,2,2,2,2,FALSE
"1510",2,1,2,1,1,TRUE
"1511",3,3,2,2,2,FALSE
"1512",2,3,2,2,2,FALSE
"1513",2,1,2,1,1,TRUE
"1514",2,1,2,1,1,TRUE
"1515",2,1,1,1,1,TRUE
"1516",1,1,2,1,1,TRUE
"1517",1,1,2,1,1,TRUE
"1518",2,2,2,1,2,FALSE
"1519",2,2,2,2,2,FALSE
"1520",2,1,2,2,2,FALSE
"1521",2,2,2,2,2,FALSE
"1522",3,3,2,2,2,FALSE
"1523",3,3,2,2,2,FALSE
"1524",2,2,2,2,2,FALSE
"1525",2,2,2,2,2,FALSE
"1526",2,2,2,2,2,FALSE
"1527",1,1,2,1,1,TRUE
"1528",2,2,2,2,2,FALSE
"1529",2,2,2,1,2,FALSE
"1530",2,2,2,2,2,FALSE
"1531",2,2,2,1,2,FALSE
"1532",2,2,2,1,2,FALSE
"1533",4,5,4,4,4,FALSE
"1534",4,3,3,3,3,FALSE
"1535",2,2,2,2,2,FALSE
"1536",2,1,2,2,2,FALSE
"1537",4,3,3,2,3,FALSE
"1538",2,1,2,1,1,TRUE
"1539",4,2,3,2,2,FALSE
"1540",2,1,2,1,1,TRUE
"1541",1,1,2,1,1,TRUE
"1542",2,2,3,2,2,FALSE
"1543",1,1,2,1,1,TRUE
"1544",1,1,2,1,1,TRUE
"1545",1,1,1,1,1,TRUE
"1546",1,1,1,1,1,TRUE
"1547",1,1,2,1,1,TRUE
"1548",1,1,2,1,1,TRUE
"1549",2,2,2,2,2,FALSE
"1550",1,1,2,1,1,TRUE
"1551",1,1,2,1,1,TRUE
"1552",1,1,1,1,1,TRUE
"1553",1,1,1,1,1,TRUE
"1554",1,1,2,1,1,TRUE
"1555",2,3,3,2,2,FALSE
"1556",2,3,3,2,2,FALSE
"1557",2,2,2,2,2,FALSE
"1558",2,2,2,2,2,FALSE
"1559",3,3,3,2,3,FALSE
"1560",2,2,2,2,2,FALSE
"1561",1,2,3,2,2,FALSE
"1562",1,1,2,1,1,TRUE
"1563",1,1,2,1,1,TRUE
"1564",1,1,2,1,1,TRUE
"1565",1,1,2,1,1,TRUE
"1566",2,3,2,2,2,FALSE
"1567",3,3,3,2,3,FALSE
"1568",3,3,2,2,2,FALSE
"1569",3,3,2,2,2,FALSE
"1570",3,3,3,2,3,FALSE
"1571",3,3,2,2,2,FALSE
"1572",3,3,2,2,2,FALSE
"1573",3,3,2,2,2,FALSE
"1574",3,3,3,2,3,FALSE
"1575",2,2,2,1,2,FALSE
"1576",2,2,2,2,2,FALSE
"1577",3,3,3,2,3,FALSE
"1578",2,3,2,2,2,FALSE
"1579",3,3,2,2,2,FALSE
"1580",3,3,2,2,2,FALSE
"1581",3,3,2,2,2,FALSE
"1582",3,3,2,2,2,FALSE
"1583",3,3,2,2,2,FALSE
"1584",3,3,3,2,3,FALSE
"1585",3,3,2,2,2,FALSE
"1586",3,3,3,2,3,FALSE
"1587",3,3,2,2,2,FALSE
"1588",3,3,2,2,2,FALSE
"1589",2,3,2,2,2,FALSE
"1590",2,2,2,1,2,FALSE
"1591",3,2,2,2,2,FALSE
"1592",3,3,2,2,2,FALSE
"1593",3,3,2,2,2,FALSE
"1594",2,3,3,2,2,FALSE
"1595",3,3,3,2,3,FALSE
"1596",3,3,2,2,2,FALSE
"1597",3,3,2,2,2,FALSE
"1598",2,2,2,1,2,FALSE
"1599",3,2,2,1,2,FALSE
"1600",4,3,3,2,3,FALSE
"1601",3,2,2,2,2,FALSE
"1602",3,3,2,2,2,FALSE
"1603",3,3,3,3,3,FALSE
"1604",2,3,2,2,2,FALSE
"1605",2,3,2,2,2,FALSE
"1606",2,3,2,2,2,FALSE
"1607",2,3,2,2,2,FALSE
"1608",3,3,2,2,2,FALSE
"1609",3,3,2,2,2,FALSE
"1610",3,3,2,2,2,FALSE
"1611",3,3,3,2,3,FALSE
"1612",3,3,2,2,2,FALSE
"1613",2,2,2,1,2,FALSE
"1614",3,3,2,2,2,FALSE
"1615",3,3,2,2,2,FALSE
"1616",3,3,2,2,2,FALSE
"1617",3,3,3,2,3,FALSE
"1618",2,3,2,1,2,FALSE
"1619",2,2,2,1,2,FALSE
"1620",3,2,2,2,2,FALSE
"1621",3,3,3,3,3,FALSE
"1622",3,3,3,3,3,FALSE
"1623",2,1,2,1,1,TRUE
"1624",4,3,3,3,3,FALSE
"1625",1,1,1,1,1,TRUE
"1626",4,4,4,3,4,FALSE
"1627",4,3,3,3,3,FALSE
"1628",4,3,4,4,4,FALSE
"1629",2,3,2,2,2,FALSE
"1630",4,3,3,3,3,FALSE
"1631",3,3,3,3,3,FALSE
"1632",2,3,3,3,3,FALSE
"1633",5,5,5,5,5,FALSE
"1634",4,3,4,3,3,FALSE
"1635",2,1,2,1,1,TRUE
"1636",5,1,5,5,5,FALSE
"1637",1,2,2,1,1,TRUE
"1638",3,3,3,3,3,FALSE
"1639",2,2,2,2,2,FALSE
"1640",1,1,2,1,1,TRUE
"1641",3,3,4,4,3,FALSE
"1642",2,2,3,2,2,FALSE
"1643",1,2,2,2,2,FALSE
"1644",1,2,2,2,2,FALSE
"1645",1,2,2,2,2,FALSE
"1646",1,1,2,1,1,TRUE
"1647",1,1,2,1,1,TRUE
"1648",1,2,3,2,2,FALSE
"1649",1,2,2,2,2,FALSE
"1650",1,2,2,1,1,TRUE
"1651",2,2,3,2,2,FALSE
"1652",2,2,2,1,2,FALSE
"1653",2,2,2,1,2,FALSE
"1654",2,2,2,2,2,FALSE
"1655",1,1,2,1,1,TRUE
"1656",1,3,2,2,2,FALSE
"1657",2,2,2,2,2,FALSE
"1658",2,2,3,2,2,FALSE
"1659",1,2,2,1,1,TRUE
"1660",2,3,3,3,3,FALSE
"1661",5,2,5,5,5,FALSE
"1662",5,2,5,5,5,FALSE
"1663",5,4,4,3,4,FALSE
"1664",3,3,3,2,3,FALSE
"1665",2,3,3,3,3,FALSE
"1666",2,2,2,2,2,FALSE
"1667",2,2,2,2,2,FALSE
"1668",1,1,2,1,1,TRUE
"1669",2,3,3,3,3,FALSE
"1670",2,2,2,2,2,FALSE
"1671",3,3,3,3,3,FALSE
"1672",2,2,2,2,2,FALSE
"1673",1,1,2,1,1,TRUE
"1674",1,1,2,1,1,TRUE
"1675",1,1,2,1,1,TRUE
"1676",2,2,2,2,2,FALSE
"1677",1,1,2,1,1,TRUE
"1678",1,1,2,1,1,TRUE
"1679",5,5,5,5,5,FALSE
"1680",5,5,5,5,5,FALSE
"1681",5,5,5,5,5,FALSE
"1682",5,5,5,5,5,FALSE
"1683",2,3,3,2,2,FALSE
"1684",2,5,2,5,2,FALSE
"1685",5,5,5,5,5,FALSE
"1686",5,5,5,5,5,FALSE
"1687",5,2,2,2,2,FALSE
"1688",5,5,5,5,5,FALSE
"1689",5,5,5,5,5,FALSE
"1690",5,5,5,5,5,FALSE
"1691",5,5,5,5,5,FALSE
"1692",5,5,5,5,5,FALSE
"1693",5,5,5,5,5,FALSE
"1694",5,5,5,5,5,FALSE
"1695",5,5,5,5,5,FALSE
"1696",5,5,5,5,5,FALSE
"1697",5,5,5,5,5,FALSE
"1698",5,5,5,5,5,FALSE
"1699",5,5,5,5,5,FALSE
"1700",5,5,5,5,5,FALSE
"1701",4,3,3,4,3,FALSE
"1702",5,5,5,5,5,FALSE
"1703",1,2,2,1,1,TRUE
"1704",5,5,5,5,5,FALSE
"1705",5,5,5,5,5,FALSE
"1706",2,2,2,1,2,FALSE
"1707",5,5,5,5,5,FALSE
"1708",2,1,1,1,1,TRUE
"1709",1,1,1,1,1,TRUE
"1710",1,1,1,1,1,TRUE
"1711",2,1,1,1,1,TRUE
"1712",2,2,2,1,2,FALSE
"1713",1,1,1,1,1,TRUE
"1714",1,1,2,1,1,TRUE
"1715",2,3,3,2,2,FALSE
"1716",3,1,2,2,2,FALSE
"1717",4,3,4,2,4,FALSE
"1718",3,3,3,2,3,FALSE
"1719",2,2,1,1,1,TRUE
"1720",5,5,5,5,5,FALSE
"1721",5,5,5,5,5,FALSE
"1722",2,2,2,2,2,FALSE
"1723",3,3,2,2,2,FALSE
"1724",3,3,3,2,3,FALSE
"1725",2,2,3,2,2,FALSE
"1726",3,2,2,2,2,FALSE
"1727",4,4,4,4,4,FALSE
"1728",5,5,5,5,5,FALSE
"1729",5,5,5,5,5,FALSE
"1730",5,5,5,5,5,FALSE
"1731",5,5,5,5,5,FALSE
"1732",5,5,5,5,5,FALSE
"1733",5,5,5,5,5,FALSE
"1734",5,5,5,5,5,FALSE
"1735",5,5,5,5,5,FALSE
"1736",5,5,5,5,5,FALSE
"1737",5,5,3,2,5,FALSE
"1738",5,1,2,1,1,TRUE
"1739",2,2,2,1,2,FALSE
"1740",5,5,5,5,5,FALSE
"1741",4,3,3,3,3,FALSE
"1742",2,2,2,2,2,FALSE
"1743",1,1,1,1,1,TRUE
"1744",1,1,2,1,1,TRUE
"1745",1,1,2,2,1,TRUE
"1746",2,2,2,2,2,FALSE
"1747",1,1,1,1,1,TRUE
"1748",5,3,4,2,2,FALSE
"1749",1,1,1,1,1,TRUE
"1750",5,5,5,5,5,FALSE
"1751",1,1,1,1,1,TRUE
"1752",1,1,1,1,1,TRUE
"1753",1,1,1,1,1,TRUE
"1754",1,1,2,1,1,TRUE
"1755",5,2,5,1,5,FALSE
"1756",5,2,5,5,5,FALSE
"1757",2,3,2,2,2,FALSE
"1758",3,3,3,3,3,FALSE
"1759",3,3,3,2,3,FALSE
"1760",2,2,2,2,2,FALSE
"1761",2,2,2,2,2,FALSE
"1762",2,2,2,2,2,FALSE
"1763",2,3,2,2,2,FALSE
"1764",2,3,3,3,3,FALSE
"1765",3,3,3,3,3,FALSE
"1766",2,2,2,2,2,FALSE
"1767",4,3,3,3,3,FALSE
"1768",3,3,3,3,3,FALSE
"1769",3,3,3,2,3,FALSE
"1770",2,3,3,2,2,FALSE
"1771",4,3,3,3,3,FALSE
"1772",4,4,4,3,4,FALSE
"1773",5,5,4,5,5,FALSE
"1774",5,5,5,5,5,FALSE
"1775",2,5,3,2,2,FALSE
"1776",5,5,5,5,5,FALSE
"1777",2,3,3,2,2,FALSE
"1778",2,2,2,2,2,FALSE
"1779",5,5,5,5,5,FALSE
"1780",5,5,5,5,5,FALSE
"1781",4,3,3,2,3,FALSE
"1782",4,3,3,2,3,FALSE
"1783",2,5,2,2,2,FALSE
"1784",2,2,2,1,2,FALSE
"1785",1,1,2,1,1,TRUE
"1786",2,2,2,1,2,FALSE
"1787",1,2,2,1,1,TRUE
"1788",1,2,2,1,1,TRUE
"1789",2,2,2,2,2,FALSE
"1790",2,1,2,1,1,TRUE
"1791",3,3,3,3,3,FALSE
"1792",2,1,2,1,1,TRUE
"1793",1,1,2,1,1,TRUE
"1794",1,2,2,2,2,FALSE
"1795",1,2,2,1,1,TRUE
"1796",1,1,2,1,1,TRUE
"1797",1,2,2,1,1,TRUE
"1798",2,2,2,1,2,FALSE
"1799",2,2,2,2,2,FALSE
"1800",2,2,2,2,2,FALSE
"1801",1,1,2,1,1,TRUE
"1802",2,2,2,2,2,FALSE
"1803",2,1,2,1,1,TRUE
"1804",1,1,2,1,1,TRUE
"1805",1,1,2,1,1,TRUE
"1806",1,1,2,1,1,TRUE
"1807",1,1,2,1,1,TRUE
"1808",5,2,4,1,1,TRUE
"1809",2,2,2,1,2,FALSE
"1810",2,2,2,2,2,FALSE
"1811",1,2,2,2,2,FALSE
"1812",1,1,2,1,1,TRUE
"1813",1,1,2,1,1,TRUE
"1814",1,1,2,1,1,TRUE
"1815",1,2,2,1,1,TRUE
"1816",2,2,3,2,2,FALSE
"1817",5,5,4,2,5,FALSE
"1818",2,2,2,2,2,FALSE
"1819",1,1,2,1,1,TRUE
"1820",2,2,2,2,2,FALSE
"1821",5,5,5,5,5,FALSE
"1822",5,5,5,5,5,FALSE
"1823",5,5,5,5,5,FALSE
"1824",5,5,5,5,5,FALSE
"1825",5,5,5,5,5,FALSE
"1826",5,5,5,5,5,FALSE
"1827",5,5,5,5,5,FALSE
"1828",5,5,5,5,5,FALSE
"1829",1,1,2,1,1,TRUE
"1830",1,3,3,1,1,TRUE
"1831",2,2,3,2,2,FALSE
"1832",2,2,2,2,2,FALSE
"1833",2,2,2,2,2,FALSE
"1834",1,1,1,1,1,TRUE
"1835",2,2,2,2,2,FALSE
"1836",5,5,5,5,5,FALSE
"1837",2,2,2,2,2,FALSE
"1838",1,1,2,2,1,TRUE
"1839",1,1,2,2,1,TRUE
"1840",1,1,2,1,1,TRUE
"1841",2,2,2,2,2,FALSE
"1842",2,2,2,2,2,FALSE
"1843",2,2,2,2,2,FALSE
"1844",4,2,3,2,2,FALSE
"1845",1,1,2,2,1,TRUE
"1846",2,2,2,2,2,FALSE
"1847",2,2,2,2,2,FALSE
"1848",1,1,2,2,1,TRUE
"1849",1,1,2,1,1,TRUE
"1850",2,1,2,1,1,TRUE
"1851",1,1,2,1,1,TRUE
"1852",1,2,2,2,2,FALSE
"1853",3,2,3,2,2,FALSE
"1854",2,2,2,2,2,FALSE
"1855",5,5,5,5,5,FALSE
"1856",3,2,3,2,2,FALSE
"1857",4,3,4,4,4,FALSE
"1858",3,3,2,2,2,FALSE
"1859",2,2,2,2,2,FALSE
"1860",2,2,3,2,2,FALSE
"1861",3,3,2,2,2,FALSE
"1862",3,3,3,2,3,FALSE
"1863",2,2,2,2,2,FALSE
"1864",2,3,3,2,2,FALSE
"1865",1,1,2,2,1,TRUE
"1866",2,3,2,2,2,FALSE
"1867",1,1,2,1,1,TRUE
"1868",2,2,2,2,2,FALSE
"1869",2,3,2,2,2,FALSE
"1870",2,1,2,2,2,FALSE
"1871",2,2,2,2,2,FALSE
"1872",2,3,4,2,2,FALSE
"1873",5,4,4,4,4,FALSE
"1874",1,1,2,1,1,TRUE
"1875",1,2,2,1,1,TRUE
"1876",2,2,2,2,2,FALSE
"1877",1,1,5,1,1,TRUE
"1878",5,1,5,5,5,FALSE
"1879",5,2,5,5,5,FALSE
"1880",5,5,2,2,2,FALSE
"1881",5,5,5,5,5,FALSE
"1882",4,3,3,3,3,FALSE
"1883",2,1,1,1,1,TRUE
"1884",2,2,2,2,2,FALSE
"1885",2,1,2,2,2,FALSE
"1886",5,5,5,5,5,FALSE
"1887",5,5,5,5,5,FALSE
"1888",4,5,2,2,2,FALSE
"1889",2,1,2,1,1,TRUE
"1890",5,3,5,5,5,FALSE
"1891",5,5,5,5,5,FALSE
"1892",5,5,3,5,5,FALSE
"1893",2,1,2,1,1,TRUE
